Disease Name,Disease ID,Pathway,Pathway ID,Association inferred via
COVID-19,MESH:D000086382,Immune System,REACT:R-HSA-168256,ATP11A|BTK|CCL2|CCL3|CCR2|CD209|CRP|CSF3|CXCL10|CXCL8|HCK|ICAM5|IFNAR2|IL10|IL10RB|IL1B|IL2|IL2RA|IL6|IL7|MUC1|OAS1|TNF|TYK2
COVID-19,MESH:D000086382,Cytokine Signaling in Immune system,REACT:R-HSA-1280215,CCL2|CCL3|CCR2|CSF3|CXCL10|CXCL8|HCK|IFNAR2|IL10|IL10RB|IL1B|IL2|IL2RA|IL6|IL7|MUC1|OAS1|TNF|TYK2
COVID-19,MESH:D000086382,Signaling by Interleukins,REACT:R-HSA-449147,CCL2|CCL3|CCR2|CSF3|CXCL10|CXCL8|HCK|IL10|IL10RB|IL1B|IL2|IL2RA|IL6|IL7|MUC1|TNF|TYK2
COVID-19,MESH:D000086382,Cytokine-cytokine receptor interaction,KEGG:hsa04060,CCL2|CCL3|CCR2|CSF3|CXCL10|CXCL8|IFNAR2|IL10|IL10RB|IL1B|IL2|IL2RA|IL6|IL7|TNF
COVID-19,MESH:D000086382,Interleukin-10 signaling,REACT:R-HSA-6783783,CCL2|CCL3|CCR2|CSF3|CXCL10|CXCL8|IL10|IL10RB|IL1B|IL6|TNF|TYK2
COVID-19,MESH:D000086382,Influenza A,KEGG:hsa05164,CCL2|CXCL10|CXCL8|IFNAR2|IL1B|IL6|OAS1|TMPRSS2|TMPRSS4|TNF|TYK2
COVID-19,MESH:D000086382,Innate Immune System,REACT:R-HSA-168249,ATP11A|BTK|CCR2|CD209|CRP|HCK|IL1B|IL2|IL2RA|MUC1
COVID-19,MESH:D000086382,Signal Transduction,REACT:R-HSA-162582,AGT|BTK|CCR2|CXCL10|CXCL8|IL2|IL2RA|IL6|TNF|TYK2
COVID-19,MESH:D000086382,Jak-STAT signaling pathway,KEGG:hsa04630,CSF3|IFNAR2|IL10|IL10RB|IL2|IL2RA|IL6|IL7|TYK2
COVID-19,MESH:D000086382,Chagas disease (American trypanosomiasis),KEGG:hsa05142,CCL2|CCL3|CXCL8|IL10|IL1B|IL2|IL6|TNF
COVID-19,MESH:D000086382,Interleukin-4 and 13 signaling,REACT:R-HSA-6785807,CCL2|CXCL8|IL10|IL1B|IL6|MUC1|TNF|TYK2
COVID-19,MESH:D000086382,Malaria,KEGG:hsa05144,CCL2|CSF3|CXCL8|IL10|IL1B|IL6|SELE|TNF
COVID-19,MESH:D000086382,Measles,KEGG:hsa05162,CD209|IFNAR2|IL1B|IL2|IL2RA|IL6|OAS1|TYK2
COVID-19,MESH:D000086382,NOD-like receptor signaling pathway,KEGG:hsa04621,CCL2|CXCL8|IFNAR2|IL1B|IL6|OAS1|TNF|TYK2
COVID-19,MESH:D000086382,Herpes simplex infection,KEGG:hsa05168,CCL2|IFNAR2|IL1B|IL6|OAS1|TNF|TYK2
COVID-19,MESH:D000086382,IL-17 signaling pathway,KEGG:hsa04657,CCL2|CSF3|CXCL10|CXCL8|IL1B|IL6|TNF
COVID-19,MESH:D000086382,Toll-like receptor signaling pathway,KEGG:hsa04620,CCL3|CXCL10|CXCL8|IFNAR2|IL1B|IL6|TNF
COVID-19,MESH:D000086382,AGE-RAGE signaling pathway in diabetic complications,KEGG:hsa04933,CCL2|CXCL8|IL1B|IL6|SELE|TNF
COVID-19,MESH:D000086382,Chemokine signaling pathway,KEGG:hsa04062,CCL2|CCL3|CCR2|CXCL10|CXCL8|HCK
COVID-19,MESH:D000086382,GPCR downstream signaling,REACT:R-HSA-388396,AGT|CCR2|CXCL10|CXCL8|IL2|IL2RA
COVID-19,MESH:D000086382,Hematopoietic cell lineage,KEGG:hsa04640,CSF3|IL1B|IL2RA|IL6|IL7|TNF
COVID-19,MESH:D000086382,Metabolism of proteins,REACT:R-HSA-392499,ACE2|AGT|CCL2|CXCL8|F8|MUC1
COVID-19,MESH:D000086382,PI3K-Akt signaling pathway,KEGG:hsa04151,CSF3|IFNAR2|IL2|IL2RA|IL6|IL7
COVID-19,MESH:D000086382,Rheumatoid arthritis,KEGG:hsa05323,CCL2|CCL3|CXCL8|IL1B|IL6|TNF
COVID-19,MESH:D000086382,Signaling by GPCR,REACT:R-HSA-372790,AGT|CCR2|CXCL10|CXCL8|IL2|IL2RA
COVID-19,MESH:D000086382,TNF signaling pathway,KEGG:hsa04668,CCL2|CXCL10|IL1B|IL6|SELE|TNF
COVID-19,MESH:D000086382,Tuberculosis,KEGG:hsa05152,CD209|IL10|IL10RB|IL1B|IL6|TNF
COVID-19,MESH:D000086382,African trypanosomiasis,KEGG:hsa05143,IL10|IL1B|IL6|SELE|TNF
COVID-19,MESH:D000086382,Amoebiasis,KEGG:hsa05146,CXCL8|IL10|IL1B|IL6|TNF
COVID-19,MESH:D000086382,Hemostasis,REACT:R-HSA-109582,BSG|F8|IL2|IL2RA|SELE
COVID-19,MESH:D000086382,Hepatitis C,KEGG:hsa05160,CXCL8|IFNAR2|OAS1|TNF|TYK2
COVID-19,MESH:D000086382,Inflammatory bowel disease (IBD),KEGG:hsa05321,IL10|IL1B|IL2|IL6|TNF
COVID-19,MESH:D000086382,Osteoclast differentiation,KEGG:hsa04380,BTK|IFNAR2|IL1B|TNF|TYK2
COVID-19,MESH:D000086382,Pertussis,KEGG:hsa05133,CXCL8|IL10|IL1B|IL6|TNF
COVID-19,MESH:D000086382,Th17 cell differentiation,KEGG:hsa04659,IL1B|IL2|IL2RA|IL6|TYK2
COVID-19,MESH:D000086382,Class A/1 (Rhodopsin-like receptors),REACT:R-HSA-373076,AGT|CCR2|CXCL10|CXCL8
COVID-19,MESH:D000086382,Fluid shear stress and atherosclerosis,KEGG:hsa05418,CCL2|IL1B|SELE|TNF
COVID-19,MESH:D000086382,G alpha (i) signalling events,REACT:R-HSA-418594,AGT|CCR2|CXCL10|CXCL8
COVID-19,MESH:D000086382,GPCR ligand binding,REACT:R-HSA-500792,AGT|CCR2|CXCL10|CXCL8
COVID-19,MESH:D000086382,Graft-versus-host disease,KEGG:hsa05332,IL1B|IL2|IL6|TNF
COVID-19,MESH:D000086382,HTLV-I infection,KEGG:hsa05166,IL2|IL2RA|IL6|TNF
COVID-19,MESH:D000086382,Legionellosis,KEGG:hsa05134,CXCL8|IL1B|IL6|TNF
COVID-19,MESH:D000086382,MAPK1/MAPK3 signaling,REACT:R-HSA-5684996,IL2|IL2RA|IL6|TYK2
COVID-19,MESH:D000086382,MAPK family signaling cascades,REACT:R-HSA-5683057,IL2|IL2RA|IL6|TYK2
COVID-19,MESH:D000086382,NF-kappa B signaling pathway,KEGG:hsa04064,BTK|CXCL8|IL1B|TNF
COVID-19,MESH:D000086382,Non-alcoholic fatty liver disease (NAFLD),KEGG:hsa04932,CXCL8|IL1B|IL6|TNF
COVID-19,MESH:D000086382,Peptide ligand-binding receptors,REACT:R-HSA-375276,AGT|CCR2|CXCL10|CXCL8
COVID-19,MESH:D000086382,Salmonella infection,KEGG:hsa05132,CCL3|CXCL8|IL1B|IL6
COVID-19,MESH:D000086382,Toxoplasmosis,KEGG:hsa05145,IL10|IL10RB|TNF|TYK2
COVID-19,MESH:D000086382,Adaptive Immune System,REACT:R-HSA-1280218,BTK|CD209|ICAM5
COVID-19,MESH:D000086382,Allograft rejection,KEGG:hsa05330,IL10|IL2|TNF
COVID-19,MESH:D000086382,Antifolate resistance,KEGG:hsa01523,IL1B|IL6|TNF
COVID-19,MESH:D000086382,Chemokine receptors bind chemokines,REACT:R-HSA-380108,CCR2|CXCL10|CXCL8
COVID-19,MESH:D000086382,C-type lectin receptors (CLRs),REACT:R-HSA-5621481,CD209|IL1B|MUC1
COVID-19,MESH:D000086382,Cytosolic DNA-sensing pathway,KEGG:hsa04623,CXCL10|IL1B|IL6
COVID-19,MESH:D000086382,DAP12 interactions,REACT:R-HSA-2172127,BTK|IL2|IL2RA
COVID-19,MESH:D000086382,DAP12 signaling,REACT:R-HSA-2424491,BTK|IL2|IL2RA
COVID-19,MESH:D000086382,Developmental Biology,REACT:R-HSA-1266738,IL2|IL2RA|TNF
COVID-19,MESH:D000086382,Disease,REACT:R-HSA-1643685,BTK|HCK|MUC1
COVID-19,MESH:D000086382,Epstein-Barr virus infection,KEGG:hsa05169,IL10|IL10RB|TYK2
COVID-19,MESH:D000086382,Fc epsilon receptor (FCERI) signaling,REACT:R-HSA-2454202,BTK|IL2|IL2RA
COVID-19,MESH:D000086382,Gastrin-CREB signalling pathway via PKC and MAPK,REACT:R-HSA-881907,AGT|IL2|IL2RA
COVID-19,MESH:D000086382,Hepatitis B,KEGG:hsa05161,CXCL8|IL6|TNF
COVID-19,MESH:D000086382,Interferon alpha/beta signaling,REACT:R-HSA-909733,IFNAR2|OAS1|TYK2
COVID-19,MESH:D000086382,Interferon Signaling,REACT:R-HSA-913531,IFNAR2|OAS1|TYK2
COVID-19,MESH:D000086382,"Interleukin-3, 5 and GM-CSF signaling",REACT:R-HSA-512988,HCK|IL2|IL2RA
COVID-19,MESH:D000086382,Intestinal immune network for IgA production,KEGG:hsa04672,IL10|IL2|IL6
COVID-19,MESH:D000086382,Leishmaniasis,KEGG:hsa05140,IL10|IL1B|TNF
COVID-19,MESH:D000086382,Metabolic pathways,KEGG:hsa01100,ABO|FUT2|UGCG
COVID-19,MESH:D000086382,Metabolism,REACT:R-HSA-1430728,AGT|BSG|UGCG
COVID-19,MESH:D000086382,"Platelet activation, signaling and aggregation",REACT:R-HSA-76002,F8|IL2|IL2RA
COVID-19,MESH:D000086382,RIG-I-like receptor signaling pathway,KEGG:hsa04622,CXCL10|CXCL8|TNF
COVID-19,MESH:D000086382,T cell receptor signaling pathway,KEGG:hsa04660,IL10|IL2|TNF
COVID-19,MESH:D000086382,Th1 and Th2 cell differentiation,KEGG:hsa04658,IL2|IL2RA|TYK2
COVID-19,MESH:D000086382,Transcriptional misregulation in cancer,KEGG:hsa05202,CXCL8|IL6|TMPRSS2
COVID-19,MESH:D000086382,Type I diabetes mellitus,KEGG:hsa04940,IL1B|IL2|TNF
COVID-19,MESH:D000086382,Alzheimer's disease,KEGG:hsa05010,IL1B|TNF
COVID-19,MESH:D000086382,ARMS-mediated activation,REACT:R-HSA-170984,IL2|IL2RA
COVID-19,MESH:D000086382,Asthma,KEGG:hsa05310,IL10|TNF
COVID-19,MESH:D000086382,ATF4 activates genes,REACT:R-HSA-380994,CCL2|CXCL8
COVID-19,MESH:D000086382,Autoimmune thyroid disease,KEGG:hsa05320,IL10|IL2
COVID-19,MESH:D000086382,Axon guidance,REACT:R-HSA-422475,IL2|IL2RA
COVID-19,MESH:D000086382,Cell surface interactions at the vascular wall,REACT:R-HSA-202733,BSG|SELE
COVID-19,MESH:D000086382,Cellular responses to stress,REACT:R-HSA-2262752,CXCL8|IL6
COVID-19,MESH:D000086382,Cellular Senescence,REACT:R-HSA-2559583,CXCL8|IL6
COVID-19,MESH:D000086382,Downstream signal transduction,REACT:R-HSA-186763,IL2|IL2RA
COVID-19,MESH:D000086382,Extracellular matrix organization,REACT:R-HSA-1474244,BSG|ICAM5
COVID-19,MESH:D000086382,Fc epsilon RI signaling pathway,KEGG:hsa04664,BTK|TNF
COVID-19,MESH:D000086382,FCERI mediated MAPK activation,REACT:R-HSA-2871796,IL2|IL2RA
COVID-19,MESH:D000086382,Fcgamma receptor (FCGR) dependent phagocytosis,REACT:R-HSA-2029480,BTK|HCK
COVID-19,MESH:D000086382,FoxO signaling pathway,KEGG:hsa04068,IL10|IL6
COVID-19,MESH:D000086382,Frs2-mediated activation,REACT:R-HSA-170968,IL2|IL2RA
COVID-19,MESH:D000086382,G beta:gamma signalling through PI3Kgamma,REACT:R-HSA-392451,IL2|IL2RA
COVID-19,MESH:D000086382,Glycosphingolipid biosynthesis - lacto and neolacto series,KEGG:hsa00601,ABO|FUT2
COVID-19,MESH:D000086382,G-protein beta:gamma signalling,REACT:R-HSA-397795,IL2|IL2RA
COVID-19,MESH:D000086382,GPVI-mediated activation cascade,REACT:R-HSA-114604,IL2|IL2RA
COVID-19,MESH:D000086382,GRB2 events in EGFR signaling,REACT:R-HSA-179812,IL2|IL2RA
COVID-19,MESH:D000086382,Hypertrophic cardiomyopathy (HCM),KEGG:hsa05410,IL6|TNF
COVID-19,MESH:D000086382,IGF1R signaling cascade,REACT:R-HSA-2428924,IL2|IL2RA
COVID-19,MESH:D000086382,Insulin receptor signalling cascade,REACT:R-HSA-74751,IL2|IL2RA
COVID-19,MESH:D000086382,Insulin resistance,KEGG:hsa04931,IL6|TNF
COVID-19,MESH:D000086382,Integrin cell surface interactions,REACT:R-HSA-216083,BSG|ICAM5
COVID-19,MESH:D000086382,Interleukin-2 signaling,REACT:R-HSA-451927,IL2|IL2RA
COVID-19,MESH:D000086382,Interleukin-6 family signaling,REACT:R-HSA-6783589,IL6|TYK2
COVID-19,MESH:D000086382,Interleukin-6 signaling,REACT:R-HSA-1059683,IL6|TYK2
COVID-19,MESH:D000086382,Interleukin receptor SHC signaling,REACT:R-HSA-912526,IL2|IL2RA
COVID-19,MESH:D000086382,IRS-mediated signalling,REACT:R-HSA-112399,IL2|IL2RA
COVID-19,MESH:D000086382,IRS-related events triggered by IGF1R,REACT:R-HSA-2428928,IL2|IL2RA
COVID-19,MESH:D000086382,MAPK1 (ERK2) activation,REACT:R-HSA-112411,IL6|TYK2
COVID-19,MESH:D000086382,MAPK3 (ERK1) activation,REACT:R-HSA-110056,IL6|TYK2
COVID-19,MESH:D000086382,MAPK signaling pathway,KEGG:hsa04010,IL1B|TNF
COVID-19,MESH:D000086382,Metabolism of Angiotensinogen to Angiotensins,REACT:R-HSA-2022377,ACE2|AGT
COVID-19,MESH:D000086382,Metabolism of lipids and lipoproteins,REACT:R-HSA-556833,AGT|UGCG
COVID-19,MESH:D000086382,Natural killer cell mediated cytotoxicity,KEGG:hsa04650,IFNAR2|TNF
COVID-19,MESH:D000086382,NCAM signaling for neurite out-growth,REACT:R-HSA-375165,IL2|IL2RA
COVID-19,MESH:D000086382,NGF signalling via TRKA from the plasma membrane,REACT:R-HSA-187037,IL2|IL2RA
COVID-19,MESH:D000086382,Pathways in cancer,KEGG:hsa05200,CXCL8|IL6
COVID-19,MESH:D000086382,Peptide hormone metabolism,REACT:R-HSA-2980736,ACE2|AGT
COVID-19,MESH:D000086382,PERK regulates gene expression,REACT:R-HSA-381042,CCL2|CXCL8
COVID-19,MESH:D000086382,Post-translational protein modification,REACT:R-HSA-597592,F8|MUC1
COVID-19,MESH:D000086382,Prion diseases,KEGG:hsa05020,IL1B|IL6
COVID-19,MESH:D000086382,Prolonged ERK activation events,REACT:R-HSA-169893,IL2|IL2RA
COVID-19,MESH:D000086382,RAF-independent MAPK1/3 activation,REACT:R-HSA-112409,IL6|TYK2
COVID-19,MESH:D000086382,RAF/MAP kinase cascade,REACT:R-HSA-5673001,IL2|IL2RA
COVID-19,MESH:D000086382,Regulation of IFNA signaling,REACT:R-HSA-912694,IFNAR2|TYK2
COVID-19,MESH:D000086382,Renin-angiotensin system,KEGG:hsa04614,ACE2|AGT
COVID-19,MESH:D000086382,RET signaling,REACT:R-HSA-8853659,IL2|IL2RA
COVID-19,MESH:D000086382,Senescence-Associated Secretory Phenotype (SASP),REACT:R-HSA-2559582,CXCL8|IL6
COVID-19,MESH:D000086382,SHC1 events in EGFR signaling,REACT:R-HSA-180336,IL2|IL2RA
COVID-19,MESH:D000086382,Signaling by EGFR,REACT:R-HSA-177929,IL2|IL2RA
COVID-19,MESH:D000086382,Signaling by Insulin receptor,REACT:R-HSA-74752,IL2|IL2RA
COVID-19,MESH:D000086382,Signaling by Leptin,REACT:R-HSA-2586552,IL2|IL2RA
COVID-19,MESH:D000086382,Signaling by PDGF,REACT:R-HSA-186797,IL2|IL2RA
COVID-19,MESH:D000086382,Signaling by SCF-KIT,REACT:R-HSA-1433557,IL2|IL2RA
COVID-19,MESH:D000086382,Signaling by Type 1 Insulin-like Growth Factor 1 Receptor (IGF1R),REACT:R-HSA-2404192,IL2|IL2RA
COVID-19,MESH:D000086382,Signaling by VEGF,REACT:R-HSA-194138,IL2|IL2RA
COVID-19,MESH:D000086382,Signalling by NGF,REACT:R-HSA-166520,IL2|IL2RA
COVID-19,MESH:D000086382,Signalling to ERKs,REACT:R-HSA-187687,IL2|IL2RA
COVID-19,MESH:D000086382,Signalling to p38 via RIT and RIN,REACT:R-HSA-187706,IL2|IL2RA
COVID-19,MESH:D000086382,Signalling to RAS,REACT:R-HSA-167044,IL2|IL2RA
COVID-19,MESH:D000086382,SOS-mediated signalling,REACT:R-HSA-112412,IL2|IL2RA
COVID-19,MESH:D000086382,Systemic lupus erythematosus,KEGG:hsa05322,IL10|TNF
COVID-19,MESH:D000086382,Transmembrane transport of small molecules,REACT:R-HSA-382551,ATP11A|BSG
COVID-19,MESH:D000086382,Unfolded Protein Response (UPR),REACT:R-HSA-381119,CCL2|CXCL8
COVID-19,MESH:D000086382,VEGFA-VEGFR2 Pathway,REACT:R-HSA-4420097,IL2|IL2RA
COVID-19,MESH:D000086382,VEGFR2 mediated cell proliferation,REACT:R-HSA-5218921,IL2|IL2RA
COVID-19,MESH:D000086382,Activated TLR4 signalling,REACT:R-HSA-166054,BTK
COVID-19,MESH:D000086382,Adipocytokine signaling pathway,KEGG:hsa04920,TNF
COVID-19,MESH:D000086382,Amyotrophic lateral sclerosis (ALS),KEGG:hsa05014,TNF
COVID-19,MESH:D000086382,Antigen activates B Cell Receptor (BCR) leading to generation of second messengers,REACT:R-HSA-983695,BTK
COVID-19,MESH:D000086382,Antigen processing and presentation,KEGG:hsa04612,TNF
COVID-19,MESH:D000086382,Antigen processing-Cross presentation,REACT:R-HSA-1236975,BTK
COVID-19,MESH:D000086382,Antimicrobial peptides,REACT:R-HSA-6803157,CCR2
COVID-19,MESH:D000086382,Apoptosis,KEGG:hsa04210,TNF
COVID-19,MESH:D000086382,Asparagine N-linked glycosylation,REACT:R-HSA-446203,F8
COVID-19,MESH:D000086382,Basigin interactions,REACT:R-HSA-210991,BSG
COVID-19,MESH:D000086382,BBSome-mediated cargo-targeting to cilium,REACT:R-HSA-5620922,LZTFL1
COVID-19,MESH:D000086382,B cell receptor signaling pathway,KEGG:hsa04662,BTK
COVID-19,MESH:D000086382,Beta defensins,REACT:R-HSA-1461957,CCR2
COVID-19,MESH:D000086382,Bladder cancer,KEGG:hsa05219,CXCL8
COVID-19,MESH:D000086382,Butyrophilin (BTN) family interactions,REACT:R-HSA-8851680,CD209
COVID-19,MESH:D000086382,Cargo concentration in the ER,REACT:R-HSA-5694530,F8
COVID-19,MESH:D000086382,Cargo trafficking to the periciliary membrane,REACT:R-HSA-5620920,LZTFL1
COVID-19,MESH:D000086382,CD209 (DC-SIGN) signaling,REACT:R-HSA-5621575,CD209
COVID-19,MESH:D000086382,Cell adhesion molecules (CAMs),KEGG:hsa04514,SELE
COVID-19,MESH:D000086382,Cilium Assembly,REACT:R-HSA-5617833,LZTFL1
COVID-19,MESH:D000086382,Classical antibody-mediated complement activation,REACT:R-HSA-173623,CRP
COVID-19,MESH:D000086382,Class I MHC mediated antigen processing & presentation,REACT:R-HSA-983169,BTK
COVID-19,MESH:D000086382,CLEC7A (Dectin-1) signaling,REACT:R-HSA-5607764,IL1B
COVID-19,MESH:D000086382,CLEC7A/inflammasome pathway,REACT:R-HSA-5660668,IL1B
COVID-19,MESH:D000086382,Common Pathway of Fibrin Clot Formation,REACT:R-HSA-140875,F8
COVID-19,MESH:D000086382,Complement and coagulation cascades,KEGG:hsa04610,F8
COVID-19,MESH:D000086382,Complement cascade,REACT:R-HSA-166658,CRP
COVID-19,MESH:D000086382,COPII (Coat Protein 2) Mediated Vesicle Transport,REACT:R-HSA-204005,F8
COVID-19,MESH:D000086382,Creation of C4 and C2 activators,REACT:R-HSA-166786,CRP
COVID-19,MESH:D000086382,Death Receptor Signalling,REACT:R-HSA-73887,TNF
COVID-19,MESH:D000086382,Dectin-2 family,REACT:R-HSA-5621480,MUC1
COVID-19,MESH:D000086382,Defective C1GALT1C1 causes Tn polyagglutination syndrome (TNPS),REACT:R-HSA-5083632,MUC1
COVID-19,MESH:D000086382,Defective GALNT12 causes colorectal cancer 1 (CRCS1),REACT:R-HSA-5083636,MUC1
COVID-19,MESH:D000086382,Defective GALNT3 causes familial hyperphosphatemic tumoral calcinosis (HFTC),REACT:R-HSA-5083625,MUC1
COVID-19,MESH:D000086382,Defensins,REACT:R-HSA-1461973,CCR2
COVID-19,MESH:D000086382,Degradation of the extracellular matrix,REACT:R-HSA-1474228,BSG
COVID-19,MESH:D000086382,Dilated cardiomyopathy,KEGG:hsa05414,TNF
COVID-19,MESH:D000086382,Diseases associated with O-glycosylation of proteins,REACT:R-HSA-3906995,MUC1
COVID-19,MESH:D000086382,Diseases associated with the TLR signaling cascade,REACT:R-HSA-5602358,BTK
COVID-19,MESH:D000086382,Diseases of glycosylation,REACT:R-HSA-3781865,MUC1
COVID-19,MESH:D000086382,Diseases of Immune System,REACT:R-HSA-5260271,BTK
COVID-19,MESH:D000086382,EGFR tyrosine kinase inhibitor resistance,KEGG:hsa01521,IL6
COVID-19,MESH:D000086382,Endocytosis,KEGG:hsa04144,IL2RA
COVID-19,MESH:D000086382,Epithelial cell signaling in Helicobacter pylori infection,KEGG:hsa05120,CXCL8
COVID-19,MESH:D000086382,ER-Phagosome pathway,REACT:R-HSA-1236974,BTK
COVID-19,MESH:D000086382,ER to Golgi Anterograde Transport,REACT:R-HSA-199977,F8
COVID-19,MESH:D000086382,"Fatty acid, triacylglycerol, and ketone body metabolism",REACT:R-HSA-535734,AGT
COVID-19,MESH:D000086382,FCERI mediated Ca+2 mobilization,REACT:R-HSA-2871809,BTK
COVID-19,MESH:D000086382,Fc gamma R-mediated phagocytosis,KEGG:hsa04666,HCK
COVID-19,MESH:D000086382,FCGR activation,REACT:R-HSA-2029481,HCK
COVID-19,MESH:D000086382,Formation of Fibrin Clot (Clotting Cascade),REACT:R-HSA-140877,F8
COVID-19,MESH:D000086382,G alpha (q) signalling events,REACT:R-HSA-416476,AGT
COVID-19,MESH:D000086382,Glycosphingolipid biosynthesis - globo and isoglobo series,KEGG:hsa00603,FUT2
COVID-19,MESH:D000086382,Glycosphingolipid metabolism,REACT:R-HSA-1660662,UGCG
COVID-19,MESH:D000086382,HIF-1 signaling pathway,KEGG:hsa04066,IL6
COVID-19,MESH:D000086382,HIV Infection,REACT:R-HSA-162906,HCK
COVID-19,MESH:D000086382,Host Interactions of HIV factors,REACT:R-HSA-162909,HCK
COVID-19,MESH:D000086382,IL-6-type cytokine receptor ligand interactions,REACT:R-HSA-6788467,TYK2
COVID-19,MESH:D000086382,Immunoregulatory interactions between a Lymphoid and a non-Lymphoid cell,REACT:R-HSA-198933,ICAM5
COVID-19,MESH:D000086382,Infectious disease,REACT:R-HSA-5663205,HCK
COVID-19,MESH:D000086382,Inflammatory mediator regulation of TRP channels,KEGG:hsa04750,IL1B
COVID-19,MESH:D000086382,Initial triggering of complement,REACT:R-HSA-166663,CRP
COVID-19,MESH:D000086382,Interferon gamma signaling,REACT:R-HSA-877300,OAS1
COVID-19,MESH:D000086382,"Interleukin-19, 20, 22, 24",REACT:R-HSA-8854691,IL10RB
COVID-19,MESH:D000086382,Interleukin-1 processing,REACT:R-HSA-448706,IL1B
COVID-19,MESH:D000086382,Interleukin-1 signaling,REACT:R-HSA-446652,IL1B
COVID-19,MESH:D000086382,Interleukin-7 signaling,REACT:R-HSA-1266695,IL7
COVID-19,MESH:D000086382,Intrinsic Pathway of Fibrin Clot Formation,REACT:R-HSA-140837,F8
COVID-19,MESH:D000086382,Ion channel transport,REACT:R-HSA-983712,ATP11A
COVID-19,MESH:D000086382,Ion transport by P-type ATPases,REACT:R-HSA-936837,ATP11A
COVID-19,MESH:D000086382,IRAK4 deficiency (TLR2/4),REACT:R-HSA-5603041,BTK
COVID-19,MESH:D000086382,JAK-STAT signaling,KEGG:hsa_M00684,TYK2
COVID-19,MESH:D000086382,Lactosylceramide biosynthesis,KEGG:hsa_M00066,UGCG
COVID-19,MESH:D000086382,Membrane Trafficking,REACT:R-HSA-199991,F8
COVID-19,MESH:D000086382,mTOR signaling pathway,KEGG:hsa04150,TNF
COVID-19,MESH:D000086382,MyD88 deficiency (TLR2/4),REACT:R-HSA-5602498,BTK
COVID-19,MESH:D000086382,MyD88:Mal cascade initiated on plasma membrane,REACT:R-HSA-166058,BTK
COVID-19,MESH:D000086382,Nef and signal transduction,REACT:R-HSA-164944,HCK
COVID-19,MESH:D000086382,Neutrophil degranulation,REACT:R-HSA-6798695,ATP11A
COVID-19,MESH:D000086382,O-linked glycosylation,REACT:R-HSA-5173105,MUC1
COVID-19,MESH:D000086382,O-linked glycosylation of mucins,REACT:R-HSA-913709,MUC1
COVID-19,MESH:D000086382,Organelle biogenesis and maintenance,REACT:R-HSA-1852241,LZTFL1
COVID-19,MESH:D000086382,Phagosome,KEGG:hsa04145,CD209
COVID-19,MESH:D000086382,Phospholipase D signaling pathway,KEGG:hsa04072,CXCL8
COVID-19,MESH:D000086382,Platelet activation,KEGG:hsa04611,BTK
COVID-19,MESH:D000086382,Platelet degranulation,REACT:R-HSA-114608,F8
COVID-19,MESH:D000086382,PPARA activates gene expression,REACT:R-HSA-1989781,AGT
COVID-19,MESH:D000086382,Primary immunodeficiency,KEGG:hsa05340,BTK
COVID-19,MESH:D000086382,Protein digestion and absorption,KEGG:hsa04974,ACE2
COVID-19,MESH:D000086382,Proteoglycans in cancer,KEGG:hsa05205,TNF
COVID-19,MESH:D000086382,Proton-coupled monocarboxylate transport,REACT:R-HSA-433692,BSG
COVID-19,MESH:D000086382,Pyruvate metabolism,REACT:R-HSA-70268,BSG
COVID-19,MESH:D000086382,Pyruvate metabolism and Citric Acid (TCA) cycle,REACT:R-HSA-71406,BSG
COVID-19,MESH:D000086382,Regulation of actin dynamics for phagocytic cup formation,REACT:R-HSA-2029482,BTK
COVID-19,MESH:D000086382,Regulation of lipid metabolism by Peroxisome proliferator-activated receptor alpha (PPARalpha),REACT:R-HSA-400206,AGT
COVID-19,MESH:D000086382,Regulation of signaling by CBL,REACT:R-HSA-912631,HCK
COVID-19,MESH:D000086382,Regulation of TNFR1 signaling,REACT:R-HSA-5357905,TNF
COVID-19,MESH:D000086382,Renin secretion,KEGG:hsa04924,AGT
COVID-19,MESH:D000086382,Response to elevated platelet cytosolic Ca2+,REACT:R-HSA-76005,F8
COVID-19,MESH:D000086382,RHO GTPase Effectors,REACT:R-HSA-195258,BTK
COVID-19,MESH:D000086382,RHO GTPases Activate WASPs and WAVEs,REACT:R-HSA-5663213,BTK
COVID-19,MESH:D000086382,Shigellosis,KEGG:hsa05131,CXCL8
COVID-19,MESH:D000086382,Signaling by Rho GTPases,REACT:R-HSA-194315,BTK
COVID-19,MESH:D000086382,Signaling by the B Cell Receptor (BCR),REACT:R-HSA-983705,BTK
COVID-19,MESH:D000086382,SLC-mediated transmembrane transport,REACT:R-HSA-425407,BSG
COVID-19,MESH:D000086382,Sphingolipid metabolism,KEGG:hsa00600,UGCG
COVID-19,MESH:D000086382,Sphingolipid metabolism,REACT:R-HSA-428157,UGCG
COVID-19,MESH:D000086382,Sphingolipid signaling pathway,KEGG:hsa04071,TNF
COVID-19,MESH:D000086382,Staphylococcus aureus infection,KEGG:hsa05150,IL10
COVID-19,MESH:D000086382,Termination of O-glycan biosynthesis,REACT:R-HSA-977068,MUC1
COVID-19,MESH:D000086382,TGF-beta signaling pathway,KEGG:hsa04350,TNF
COVID-19,MESH:D000086382,The citric acid (TCA) cycle and respiratory electron transport,REACT:R-HSA-1428517,BSG
COVID-19,MESH:D000086382,The role of Nef in HIV-1 replication and disease pathogenesis,REACT:R-HSA-164952,HCK
COVID-19,MESH:D000086382,TNFR1-induced NFkappaB signaling pathway,REACT:R-HSA-5357956,TNF
COVID-19,MESH:D000086382,TNFR1-induced proapoptotic signaling,REACT:R-HSA-5357786,TNF
COVID-19,MESH:D000086382,TNFR1-mediated ceramide production,REACT:R-HSA-5626978,TNF
COVID-19,MESH:D000086382,TNFR2 non-canonical NF-kB pathway,REACT:R-HSA-5668541,TNF
COVID-19,MESH:D000086382,TNF signaling,REACT:R-HSA-75893,TNF
COVID-19,MESH:D000086382,Toll Like Receptor 2 (TLR2) Cascade,REACT:R-HSA-181438,BTK
COVID-19,MESH:D000086382,Toll Like Receptor 4 (TLR4) Cascade,REACT:R-HSA-166016,BTK
COVID-19,MESH:D000086382,Toll-Like Receptors Cascades,REACT:R-HSA-168898,BTK
COVID-19,MESH:D000086382,Toll Like Receptor TLR1:TLR2 Cascade,REACT:R-HSA-168179,BTK
COVID-19,MESH:D000086382,Toll Like Receptor TLR6:TLR2 Cascade,REACT:R-HSA-168188,BTK
COVID-19,MESH:D000086382,Transcriptional regulation of white adipocyte differentiation,REACT:R-HSA-381340,TNF
COVID-19,MESH:D000086382,"Transport of glucose and other sugars, bile salts and organic acids, metal ions and amine compounds",REACT:R-HSA-425366,BSG
COVID-19,MESH:D000086382,Transport to the Golgi and subsequent modification,REACT:R-HSA-948021,F8
COVID-19,MESH:D000086382,Type II diabetes mellitus,KEGG:hsa04930,TNF
COVID-19,MESH:D000086382,Vesicle-mediated transport,REACT:R-HSA-5653656,F8
